"ID","CHAPTER_ID","DIFFICULTY","QUESTION","TEXT_REFERENCE"
"93","1","1","According to Roman legend, in what year was Rome founded?","#introduction-to-the-regal-period"
"94","1","1","Who were the legendary twin founders of Rome?","#the-foundation-myth-romulus-and-remus"
"95","1","1","According to the legend, who was the mother of Romulus and Remus?","#the-foundation-myth-romulus-and-remus"
"96","1","1","In the legend, what animal nursed the infant twins Romulus and Remus?","#the-foundation-myth-romulus-and-remus"
"97","1","1","How many kings ruled Rome during the Regal Period?","#the-seven-kings-of-rome"
"98","1","1","In what year did the Roman Kingdom end and the Republic begin?","#the-end-of-the-kingdom-and-transition-to-the-republic"
"99","1","1","According to tradition, what event led to the expulsion of Tarquinius Superbus?","#7-tarquinius-superbus-534-509-bce"
"100","1","1","Which legendary figure led the revolt against Tarquinius Superbus?","#the-end-of-the-kingdom-and-transition-to-the-republic"
"101","1","1","Which civilization significantly influenced Rome during the Kingdom period?","#etruscan-influence"
"102","1","1","From which region of Italy did the Etruscans come?","#etruscan-influence"
"103","1","1","Which social class held the most political power in Early Rome?","#patricians-patres-familias"
"104","1","1","What was the primary role of the Roman Senate?","#the-senate"
"105","1","1","Which assembly was organized by family groups called curiae?","#assemblies-of-the-people"
"106","1","1","What was the role of the paterfamilias in Early Rome?","#patricians-patres-familias"
"107","1","1","What was the primary economic basis of Early Rome?","#economic-basis"
"108","1","1","What was the main purpose of the patron-client relationship?","#plebeians"
"109","1","1","Which Vestal Virgin's primary duty was especially important?","#religious-practice"
"110","1","1","What was the primary role of the Pontifex Maximus?","#religious-authority"
"111","1","1","Which of these was NOT a major Roman god during the Kingdom?","#the-roman-pantheon"
"112","1","1","What was the Comitia Centuriata primarily used for?","#assemblies-of-the-people"
"113","1","1","Which king is credited with establishing religious practices and the calendar?","#2-numa-pompilius-715-673-bce"
"114","1","1","Which king is associated with the combat of the Horatii and Curiatii?","#3-tullus-hostilius-673-642-bce"
"115","1","1","What did King Tarquinius Priscus introduce from Etruscan culture?","#5-tarquinius-priscus-616-579-bce"
"116","1","1","Which structures did Tarquinius Priscus begin to construct?","#5-tarquinius-priscus-616-579-bce"
"117","1","1","Which king reorganized Rome's military based on wealth and property?","#6-servius-tullius-579-534-bce"
"118","1","1","What was used to observe the divine will in Roman religion?","#religious-practice"
"119","1","1","What was the primary purpose of the Cloaca Maxima?","#infrastructure-and-urban-development"
"120","1","1","What was divination through examining animal organs called?","#religious-practice"
"121","1","1","Which king is legendary for the rape of Lucretia incident?","#7-tarquinius-superbus-534-509-bce"
"122","1","1","Which king established the Servian system of centuries?","#6-servius-tullius-579-534-bce"
"123","1","2","How did Servius Tullius's reforms differ most significantly from earlier kings?","#6-servius-tullius-579-534-bce"
"124","1","2","What can we infer about Etruscan influence on Rome from the later kings' practices?","#etruscan-influence"
"125","1","2","Why was Servius Tullius's wealth-based military system revolutionary?","#6-servius-tullius-579-534-bce"
"126","1","2","What does the shift from Comitia Curiata to Comitia Centuriata represent?","#assemblies-of-the-people"
"127","1","2","What does the Lucretia legend reveal about late Kingdom tensions?","#7-tarquinius-superbus-534-509-bce"
"128","1","2","Why would Tarquinius Priscus build the Temple of Jupiter?","#5-tarquinius-priscus-616-579-bce"
"129","1","2","How did patron-client relationships provide social stability in Rome?","#plebeians"
"130","1","2","What practical benefit did the Cloaca Maxima provide Rome?","#infrastructure-and-urban-development"
"131","1","2","Why were religious and political authority linked in Rome?","#religious-authority"
"132","1","2","What does the progression from Numa's religious emphasis to Tarquinius Priscus's building projects suggest about Roman priorities?","#religious-practice"
"133","1","2","How do scholars reconcile the Romulus and Remus myth with archaeology?","#historical-reality-vs-legend"
"134","1","2","What challenge faces historians writing about Early Rome centuries later?","#literary-sources"
"135","1","2","What does Palatine Hill archaeology reveal about Rome's founding?","#archaeological-evidence"
"136","1","2","Which approach best helps understand Early Rome despite source problems?","#literary-sources"
"137","1","2","What does the patrician-plebeian divide tell us about Rome?","#patricians-patres-familias"
"138","1","2","How do scholars distinguish legend from probable history in Rome?","#historical-reality-vs-legend"
"139","1","2","What does Rome's frequent religious practice suggest about society?","#religious-authority"
"140","1","2","What evidence suggests Rome adopted Etruscan practices through cultural contact rather than military conquest?","#etruscan-influence"
"141","1","2","What does Rome's complex institutions suggest about development?","#assemblies-of-the-people"
"142","1","2","How should scholars evaluate whether the Lucretia story reflects actual historical events?","#7-tarquinius-superbus-534-509-bce"
"143","1","3","What does the Lucretia narrative suggest about Rome's political transition?","#7-tarquinius-superbus-534-509-bce"
"144","1","3","Which of the following did Servius Tullius introduce through his constitutional reforms? (Multiple answers)","#6-servius-tullius-579-534-bce"
"145","1","3","How does the Servian Constitution represent a pivotal social moment?","#6-servius-tullius-579-534-bce"
"146","1","3","Which factors contributed to Rome's cultural synthesis? (Multiple answers)","#culture-and-religion"
"147","1","3","How did patron-client systems both reinforce and aid society?","#plebeians"
"148","1","3","What major shifts do the Comitia changes reveal? (Multiple answers)","#servius-tullius-and-the-servian-reforms"
"149","1","3","What interconnected changes marked Rome's transition to kingdom?","#religious-authority"
"150","1","3","How were Tarquinius Priscus's building projects strategic for Rome? (Multiple answers)","#5-tarquinius-priscus-616-579-bce"
"151","1","3","What does extensive legendary material suggest about sources?","#literary-sources"
"152","1","3","Which institutional changes established Republican foundations? (Multiple answers)","#the-end-of-the-kingdom-and-transition-to-the-republic"
"153","2","1","In what year was the Roman monarchy abolished and the Republic established?",
"154","2","1","How many consuls governed the Roman Republic at any given time?",
"155","2","1","What was the primary reason for creating two consuls instead of one?",
"156","2","1","What is the term for a consul's right to block the decisions of his colleague?",
"157","2","1","After their one-year term as consul, what could happen to a consul who abused his power?",
"158","2","1","Which assembly was responsible for electing consuls in the early Republic?",
"159","2","1","What was the primary role of the Roman Senate under the Republic?",
"160","2","1","Which of the following was NOT a magistracy below the consulship in the early Republic?",
"161","2","1","What Latin term describes the unwritten customs and precedents that held the force of law in Rome?",
"162","2","1","What fundamental principle did the Republic establish that was NOT true under the kings?",
"163","2","1","Who were the patricians in the early Roman Republic?",
"164","2","1","Which group made up the majority of Rome's population in the early Republic?",
"165","2","1","What was the primary political grievance of plebeians in the early Republic?",
"166","2","1","In what year did plebeians stage their first major secession (refusal to serve in the army)?",
"167","2","1","What new office was created in 494 BCE to protect plebeian interests?",
"168","2","1","What special power did tribunes possess that no other magistrate had?",
"169","2","1","What does the term 'sacrosanctus' mean when applied to tribunes?",
"170","2","1","Why was the ability to refuse military service such a powerful plebeian tactic?",
"171","2","1","Which of the following was NOT one of the early plebeian demands?",
"172","2","1","What economic problem particularly threatened plebeian freedom in the early Republic?",
"173","2","1","What was the fundamental problem with Roman law before the Twelve Tables were created?",
"174","2","1","In what year were the Twelve Tables inscribed and displayed in the Forum?",
"175","2","1","What does 'Lex Duodecim Tabularum' literally mean in Latin?",
"176","2","1","Who were the decemvirs appointed to create Rome's written laws?",
"177","2","1","Which legal code did the decemvirs reportedly study before drafting the Twelve Tables?",
"178","2","1","Why was the creation of written law a significant plebeian victory?",
"179","2","1","Which of the following was NOT directly addressed by the Twelve Tables?",
"180","2","1","Which aspect of the Twelve Tables actually reinforced existing patrician power?",
"181","2","1","How do modern historians know what content the Twelve Tables actually contained?",
"182","2","1","What was the most important long-term impact of making law written and public?",
"183","2","2","How did the Roman system of two consuls with mutual veto power prevent tyranny?",
"184","2","2","What was the relationship between tribunes and traditional magistrates? (SELECT ALL THAT APPLY)",
"185","2","2","Why was the one-year term limit on the consulship a crucial check on power?",
"186","2","2","How did the organization of the Comitia Centuriata serve as a check on pure democracy? (SELECT ALL THAT APPLY)",
"187","2","2","What does 'mixed constitution' mean in the context of the early Roman Republic?",
"188","2","2","How did the requirement that magistrates operate within written law serve as a check?",
"189","2","2","Why could the threat of plebeian military secession force actual political change?",
"190","2","2","What was unusual about the tribune office compared to traditional magistracies?",
"191","2","2","How did the hierarchy of magistracies serve as a check on concentrated power? (SELECT ALL THAT APPLY)",
"192","2","2","Why did Roman leaders accept the risk of deadlock between two consuls?",
"193","2","2","How did the problem of debt slavery particularly affect plebeian farmers?",
"194","2","2","Why was patrician monopoly over conquered land a source of plebeian grievance? (SELECT ALL THAT APPLY)",
"195","2","2","Why did patrician magistrates lack incentive to protect plebeians from creditors?",
"196","2","2","What was the strategic advantage of plebeian military secession as a tactic? (SELECT ALL THAT APPLY)",
"197","2","2","Why did the creation of the tribune office initially satisfy some plebeian demands? (SELECT ALL THAT APPLY)",
"198","2","2","How did the Twelve Tables satisfy AND disappoint plebeian demands simultaneously?",
"199","2","2","Why did the patrician strategy of making limited concessions ultimately fail? (SELECT ALL THAT APPLY)",
"200","2","2","What is the significance of the phrase 'the Conflict of the Orders'? (SELECT ALL THAT APPLY)",
"201","2","2","How did Rome's constant external warfare shape the plebeian rights movement? (SELECT ALL THAT APPLY)",
"202","2","2","What does it reveal that the Twelve Tables actually CODIFIED debt slavery as legal? (SELECT ALL THAT APPLY)",
"203","2","3","Which factors made early Republic sources more reliable than Kingdom period sources? (SELECT ALL THAT APPLY)",
"204","2","3","What does the absence of explicit patrician definitions in ancient sources suggest? (SELECT ALL THAT APPLY)",
"205","2","3","Which statement best captures the key difference between Kingdom and Republic power structures?",
"206","2","3","What paradox existed in the Comitia Centuriata as an instrument of 'popular participation'?",
"207","2","3","Which interpretation is MOST supported by historical evidence for the Conflict of the Orders?",
"208","2","3","Which aspects represented genuine innovation rather than traditional custom? (SELECT ALL THAT APPLY)",
"209","2","3","Why was written law NECESSARY but INSUFFICIENT to resolve the patrician-plebeian conflict?",
"210","2","3","Which reasons explain why mutual veto was preferable to character-based reliance? (SELECT ALL THAT APPLY)",
"211","2","3","What does the challenge of evaluating early Republic sources reveal about historical methodology?",
"212","2","3","Why did patrician incremental concessions ultimately fail to prevent plebeian success? (SELECT ALL THAT APPLY)",
"213","2","1","Who were the Gauls, and where did they originally come from?",
"214","2","1","In what year did the Gallic army under Brennus invade Rome?",
"215","2","1","What was the name of the river where Roman forces were defeated by the Gauls?",
"216","2","1","How did Gallic warriors fight, and why were they so dangerous to Romans?",
"217","2","1","Who was the patrician general credited with expelling the Gauls and rebuilding Rome?",
"218","2","1","What was the most direct consequence of the Gallic invasion on Roman military organization?",
"219","2","1","How did the Gallic invasion affect the Conflict of the Orders between patricians and plebeians?",
"220","2","1","What specific advantage did Gallic peoples possess that made conquest possible for them?",
"221","2","1","What was Cisalpine Gaul?",
"222","2","1","According to the sources, how long did the Gallic occupation of Rome last?",
"223","3","1","Who were the Gauls, and where did they originally come from?",
"224","3","1","In what year did the Gallic army under Brennus invade Rome?",
"225","3","1","What was the name of the river where Roman forces were defeated by the Gauls?",
"226","3","1","How did Gallic warriors fight, and why were they so dangerous to Romans?",
"227","3","1","Who was the patrician general credited with expelling the Gauls and rebuilding Rome?",
"228","3","1","What was the most direct consequence of the Gallic invasion on Roman military organization?",
"229","3","1","How did the Gallic invasion affect the Conflict of the Orders between patricians and plebeians?",
"230","3","1","What specific advantage did Gallic peoples possess that made conquest possible for them?",
"231","3","1","What was Cisalpine Gaul?",
"232","3","1","According to the sources, how long did the Gallic occupation of Rome last?",
"233","3","1","Who were the two plebeian tribunes credited with proposing comprehensive reforms?",
"234","3","1","What was a 'rogatio' in Roman political terminology?",
"235","3","1","What was the cornerstone of the Licinian reform proposals?",
"236","3","1","In what year were the Licinian Laws finally passed and accepted by the patricians?",
"237","3","1","Who was the first plebeian to be elected as consul after the Licinian Laws were passed?",
"238","3","1","What did the Licinian Laws attempt to address regarding debt slavery?",
"239","3","1","How did the Licinian Laws address the issue of public land distribution?",
"240","3","1","What did the Licinian Laws require regarding holding the same magistracy?",
"241","3","1","The Licinian proposals included access to which emergency office previously held only by patricians?",
"242","3","1","How many decades did plebeians wait for the Licinian Laws to finally be passed?",
"243","3","1","After the Gallic invasion was repelled, what did plebeians do immediately?",
"244","3","1","What major plebeian demand involved access to religious authority in Rome?",
"245","3","1","Which office symbolically represented plebeian equality more than any other?",
"246","3","1","What specific magistracies did plebeians demand access to?",
"247","3","1","What did patricians claim about their natural right to hold high office?",
"248","3","1","What Latin phrase did patricians invoke to defend their exclusive privileges?",
"249","3","1","What was the political situation in Rome for decades after the Gallic invasion?",
"250","3","1","Why were patricians willing to make small concessions to plebeian demands rather than accept large reforms?",
"251","3","1","What was the plebeian response to patrician claims about ancestry and religious knowledge?",
"252","3","1","What power did plebeians threaten repeatedly during this period of negotiation?",
"253","3","2","What were the primary driving factors behind Celtic westward expansion across Europe? (SELECT ALL THAT APPLY)",
"254","3","2","Why did Celtic tribes and Gallic peoples find wealthy Mediterranean societies attractive targets?",
"255","3","2","The Gallic invasion had which effects on Roman military and social structures? (SELECT ALL THAT APPLY)",
"256","3","2","Why might some historians argue the Gallic invasion actually delayed plebeian progress?",
"257","3","2","What institutional quality does Rome's recovery from the Gallic invasion best demonstrate?",
"258","3","2","Which of the following could explain why Brennus and his Gallic army invaded Rome in 390 BCE? (SELECT ALL THAT APPLY)",
"259","3","2","How did the collapse at the Battle of the Allia compare to previous Roman military experiences? (SELECT ALL THAT APPLY)",
"260","3","2","What does the Gallic invasion of Rome reveal about Mediterranean power dynamics in the 4th century BCE? (SELECT ALL THAT APPLY)",
"261","3","2","How did the patrician response to military disaster affect their political authority among plebeians?",
"262","3","2","What historical uncertainty surrounds the recovery phase of the Gallic invasion? (SELECT ALL THAT APPLY)",
"263","3","2","Why were the Licinian proposals considered 'radical' and comprehensive rather than minor adjustments? (SELECT ALL THAT APPLY)",
"264","3","2","What specific benefits would plebeian access to priesthoods provide beyond religious authority?",
"265","3","2","How would the proposal for one plebeian consul change the power structure in Rome? (SELECT ALL THAT APPLY)",
"266","3","2","Why was access to the dictatorship important in the Licinian proposals? (SELECT ALL THAT APPLY)",
"267","3","2","What specific economic grievance did the debt relief proposal address?",
"268","3","2","Why did patricians resist the Licinian proposals with such fierce determination? (SELECT ALL THAT APPLY)",
"269","3","2","What strategy did patrician tribunes use to prevent the Licinian reforms from passing?",
"270","3","2","What does the decade-long deadlock over the Licinian proposals reveal about power distribution in Rome?",
"271","3","2","What possible explanations exist for why patricians finally capitulated in 367 BCE? (SELECT ALL THAT APPLY)",
"272","3","2","How did the land distribution proposal address a centuries-old plebeian grievance? (SELECT ALL THAT APPLY)",
"273","3","3","What did the Licinian Laws fundamentally change about Roman political structure? (SELECT ALL THAT APPLY)",
"274","3","3","Which aspects of Roman society were NOT fundamentally changed by the Licinian Laws? (SELECT ALL THAT APPLY)",
"275","3","3","Why is it misleading to characterize the Licinian Laws as the 'end' of the Conflict of the Orders? (SELECT ALL THAT APPLY)",
"276","3","3","What does the achievement of plebeian access to the consulship reveal about patrician arguments for exclusion? (SELECT ALL THAT APPLY)",
"277","3","3","How do modern historians evaluate the reliability of sources describing the Gallic invasion and Camillus? (SELECT ALL THAT APPLY)",
"278","3","3","What does the fact that poor plebeians gained little from plebeian access to the consulship reveal about the Licinian Laws? (SELECT ALL THAT APPLY)",
"279","3","3","How did the resolution of the Conflict of the Orders affect Rome's capacity for external expansion? (SELECT ALL THAT APPLY)",
"280","3","3","What is the historical significance of transforming class conflict into factional competition? (SELECT ALL THAT APPLY)",
"281","3","3","How did the plebeian victory on the consulship differ fundamentally from earlier concessions like the Twelve Tables? (SELECT ALL THAT APPLY)",
"282","3","3","What historical methodology problem exists in evaluating why patricians finally accepted the Licinian Laws in 367 BCE? (SELECT ALL THAT APPLY)",
"283","4","1","What major internal Roman conflict was finally resolved by the Licinian Laws of 367 BCE, allowing Rome to focus outward?",
"284","4","1","How long did the Samnite Wars span, and how many major conflicts occurred during this period?",
"285","4","1","Why did Rome find the Samnites a more difficult challenge than the Etruscans, whom Rome had previously defeated?",
"286","4","1","Where were the Samnites primarily located in Italy?",
"287","4","1","Why was Samnite mountainous territory a military advantage against Rome?",
"288","4","1","What was the primary difference between Etruscan and Samnite military strength in the 4th century BCE?",
"289","4","1","What was one key aspect of Samnite military culture?",
"290","4","1","What wealthy region lay between Samnite territory and Rome, making it a source of conflict?",
"291","4","1","How were Samnite city-states organized compared to Etruscan city-states?",
"292","4","1","What immediately triggered Rome's decision to go to war with Samnium in 343 BCE?",
"293","4","1","Who were the two Roman consuls appointed to lead armies against Samnium in 343 BCE?",
"294","4","1","What was Rome's military strategy in the First Samnite War?",
"295","4","1","What key organizational difference gave Roman armies advantage in open-field battles?",
"296","4","1","How long did the First Samnite War last before a peace agreement was reached?",
"297","4","1","What remained unclear about the peace terms ending the First Samnite War?",
"298","4","1","Which of the following was NOT demonstrated by Rome's initial success in the First Samnite War?",
"299","4","1","Why did Roman commanders believe the First Samnite War demonstrated that Rome could easily conquer Samnium?",
"300","4","1","What institutional advantage did Rome have over Samnium in sustaining military campaigns?",
"301","4","1","Which statement best reflects the conclusion of the First Samnite War?",
"302","4","1","What did the First Samnite War reveal about the future relationship between Rome and Samnium?",
"303","4","2","Approximately how long did the Second Samnite War last, and how did it differ from the first war?",
"304","4","2","What was the primary source of historical documentation for the Second Samnite War?",
"305","4","2","What critical error did the Roman consuls Titus Veturius Calvinus and Spurius Postumius Albinus make in 321 BCE?",
"306","4","2","Who was the Samnite commander who set the trap at the Caudine Forks, and what was his strategic insight?",
"307","4","2","What ritual humiliation did the Samnites impose on Roman forces at the Caudine Forks?",
"308","4","2","Why was the ritual humiliation of the Caudine Forks particularly damaging to Rome beyond the military defeat?",
"309","4","2","How did Rome respond to the humiliating peace terms imposed at the Caudine Forks?",
"310","4","2","What legal argument did Rome use to justify repudiating the peace agreement after the Caudine Forks?",
"311","4","2","What characteristic of Roman culture did the decision to continue fighting after the Caudine Forks defeat demonstrate?",
"312","4","2","What was the immediate military consequence of Rome's decision to repudiate the peace agreement?",
"313","4","2","What pattern of military results emerged during the 20-year grinding period of the Second Samnite War (321-304 BCE)?",
"314","4","2","How did Roman military commanders adapt after the catastrophic lesson of the Caudine Forks disaster?",
"315","4","2","Which of the following contributed to Rome's eventual victory in the extended 20-year grinding conflict? (SELECT ALL THAT APPLY)",
"316","4","2","How did prolonged warfare affect both Rome and Samnium differently by the 310s BCE?",
"317","4","2","What shift occurred in the balance of power by the early 300s BCE during the Second Samnite War?",
"318","4","2","What strategic decision did Samnium make as it recognized the futility of fighting Rome alone?",
"319","4","2","Which peoples and groups joined the coalition that Samnium organized to challenge Rome's dominance? (SELECT ALL THAT APPLY)",
"320","4","2","What strategic military advantage did the coalition hope to achieve by successfully combining their forces?",
"321","4","2","What fundamental weaknesses undermined the coalition despite its considerable numerical strength and military resources?",
"322","4","2","How did Rome use its central geographic position to counter the coalition's threatening multi-directional military assault?",
"323","4","3","By what year did both Rome and the coalition recognize that a decisive battle was absolutely necessary to resolve the prolonged conflict?",
"324","4","3","Who were the Roman consuls appointed to lead Rome's forces at the decisive Battle of Sentinum in 295 BCE?",
"325","4","3","What made the Battle of Sentinum strategically significant despite the considerable uncertainty of historical sources about battle details?",
"326","4","3","According to Roman historical sources, what were the approximate force sizes of both sides at Sentinum? (SELECT ALL THAT APPLY)",
"327","4","3","How did Roman tactical organization and command structure prove decisive during the Battle of Sentinum, according to historical sources?",
"328","4","3","What happened to the coalition after their military defeat at Sentinum, and why was this outcome strategically important? (SELECT ALL THAT APPLY)",
"329","4","3","Who emerged as Rome's greatest military hero during the final campaigns of the Third Samnite War, and what characterized his reputation?",
"330","4","3","What important military innovations and organizational improvements did Romans develop during the Samnite Wars? (SELECT ALL THAT APPLY)",
"331","4","3","How did the Samnite Wars conclusively demonstrate the fundamental limits of coalition warfare against a centrally organized opponent like Rome?",
"332","4","3","What dramatic transformation in Roman power and strategic position resulted from the successful military conclusion of the Samnite Wars by 290 BCE?",
"333","5","1","What was Rome's military and political situation immediately after the Samnite Wars ended in 290 BCE?",
"334","5","1","Which Greek city in southern Italy was the largest and most powerful, controlling major naval and commercial power?",
"335","5","1","What regions of Italy remained partially independent or outside direct Roman control after the Samnite Wars?",
"336","5","1","Who was King Pyrrhus and from which kingdom did he rule?",
"337","5","1","What military experience and background did Pyrrhus have before his invasion of Italy?",
"338","5","1","Why did Tarentum appeal to King Pyrrhus for military assistance against Rome?",
"339","5","1","What motivated Pyrrhus to accept Tarentum's invitation to invade Italy?",
"340","5","1","What military forces did Pyrrhus bring with him when he invaded Italy in 280 BCE?",
"341","5","1","Why were war elephants considered the most advanced military technology of Pyrrhus's era?",
"342","5","1","What was Pyrrhus's strategic vision for Italy when he arrived to support Tarentum?",
"343","5","1","What was Manius Curius Dentatus's role in the final conquest of southern Italy?",
"344","5","1","How did Roman military campaigns differ when fighting Lucanians and Bruttians compared to the Samnites?",
"345","5","1","Why did Lucanian and Bruttian peoples offer limited resistance to Roman military expansion? (SELECT ALL THAT APPLY)",
"346","5","1","What qualities characterized Pyrrhus's invasion army from Epirus?",
"347","5","1","What made war elephants so psychologically and militarily devastating to Roman soldiers at Heraclea?",
"348","5","1","What was Pyrrhus's strategic situation and vision when he first arrived in Italy in 280 BCE?",
"349","5","1","How did Pyrrhus underestimate Rome's capacity and determination in his initial strategic planning?",
"350","5","1","In what year did Pyrrhus sail across the Adriatic Sea to Italy with his invasion force?",
"351","5","1","What circumstances allowed Pyrrhus to arrive in Italy at precisely the moment Tarentum needed military support?",
"352","5","1","What advantages did Pyrrhus possess when he began his Italian campaign against Rome?",
"353","5","2","Where and when did the first major engagement between Pyrrhus and Roman forces occur during the invasion?",
"354","5","2","How did Roman soldiers initially perform against Pyrrhus's army at Heraclea despite their inexperience?",
"355","5","2","What specific factor ultimately proved decisive in determining the outcome of the Battle of Heraclea?",
"356","5","2","What did Pyrrhus reportedly say after his victory at Heraclea, and what did this phrase reveal? (SELECT ALL THAT APPLY)",
"357","5","2","How did the concept of a 'Pyrrhic victory' originate from these military campaigns in Italy?",
"358","5","2","What was Rome's response when Pyrrhus attempted to negotiate peace terms after his victory at Heraclea?",
"359","5","2","Why was Rome's refusal to negotiate after Heraclea particularly surprising to King Pyrrhus?",
"360","5","2","What fundamental strategic problem did the Battle of Heraclea reveal for Pyrrhus's invasion campaign?",
"361","5","2","How did Pyrrhus's casualty situation after Heraclea compare to his ability to replace lost troops? (SELECT ALL THAT APPLY)",
"362","5","2","What did Heraclea demonstrate about Rome's military characteristics despite its tactical defeat?",
"363","5","2","How did Roman military commanders respond tactically after their initial defeat at Heraclea?",
"364","5","2","Where and when did the second major battle between Pyrrhus and Rome occur during his invasion?",
"365","5","2","What characterized the nature and duration of the Battle of Asculum compared to earlier engagements?",
"366","5","2","What pattern emerged from Pyrrhus's military results at both Heraclea and Asculum battles? (SELECT ALL THAT APPLY)",
"367","5","2","What deepening strategic dilemma confronted Pyrrhus after his victory at Asculum in 279 BCE? (SELECT ALL THAT APPLY)",
"368","5","2","Why did Tarentum and other Italian cities fail to provide Pyrrhus with the military support he needed?",
"369","5","2","How did Rome's institutional capacity affect the course of the war with Pyrrhus? (SELECT ALL THAT APPLY)",
"370","5","2","What external threats to his kingdom forced Pyrrhus to reconsider his Italian military campaign?",
"371","5","2","What military and political factors combined to force Pyrrhus's decision to withdraw from Italy? (SELECT ALL THAT APPLY)",
"372","5","2","When did Pyrrhus finally abandon his Italian military campaign and withdraw his army back to Greece?",
"373","5","3","What specific historical factors demonstrated the limits of military technology and tactics in warfare? (SELECT ALL THAT APPLY)",
"374","5","3","What lessons about warfare and military strategy did Rome learn from its conflict with Pyrrhus? (SELECT ALL THAT APPLY)",
"375","5","3","How did the Pyrrhic Wars signal Rome's emergence as a major Mediterranean superpower to the wider world?",
"376","5","3","What happened to Tarentum and other Greek cities in southern Italy after Pyrrhus's withdrawal in 275 BCE?",
"377","5","3","What was the strategic and cultural significance of Rome's conquest of Greek cities in southern Italy? (SELECT ALL THAT APPLY)",
"378","5","3","By 264 BCE, what was the political and territorial extent of Roman control in Italy?  (SELECT ALL THAT APPLY)",
"379","5","3","How did Rome organize and govern the Italian peoples it had conquered and incorporated politically?",
"380","5","3","What significant resources and capabilities did Rome gain through the complete unification of Italy? (SELECT ALL THAT APPLY)",
"381","5","3","What strategic problem and opportunity did Italy's unification create for Rome by 264 BCE? (SELECT ALL THAT APPLY)",
"382","5","3","How did Rome's experiences during the conquest of Italy prepare it for future Mediterranean conflicts? (SELECT ALL THAT APPLY)",
"383","6","1","What Mediterranean people were renowned as merchants, traders, and seafarers throughout the ancient world?",
"384","6","1","What major achievement did the Phoenicians contribute to writing systems and alphabets?",
"385","6","1","How did Phoenician cities establish their influence throughout the Mediterranean region?",
"386","6","1","According to ancient sources, when was Carthage traditionally founded?",
"387","6","1","What famous story describes how Carthage's founder negotiated land from local Berber peoples?",
"388","6","1","Which Phoenician city was the traditional source of settlers who founded Carthage?",
"389","6","1","What advantages did Carthage's geographic location provide to the growing settlement?",
"390","6","1","Why did western Phoenician colonies like Carthage become increasingly important during the 6th-5th centuries BCE?",
"391","6","1","What territories did Carthage control or colonize by the 3rd century BCE?",
"392","6","1","Why were Phoenician ships considered among the most advanced vessels in the ancient world?",
"393","6","1","What were the two chief magistrates called in Carthage's government system?",
"394","6","1","How did Carthaginian political power differ from Roman political power in the 3rd century BCE?",
"395","6","1","What role did the popular assembly play in Carthaginian government and political decision-making?",
"396","6","1","Which gods held primary religious significance in Carthaginian religion and society? (SELECT ALL THAT APPLY)",
"397","6","1","What made Carthage's control of the tin trade particularly valuable economically?",
"398","6","1","How did Carthage develop sophisticated financial instruments and banking practices early?",
"399","6","1","What types of soldiers did Carthage recruit for its mercenary armies? (SELECT ALL THAT APPLY)",
"400","6","1","What significant advantage did Carthage's mercenary system provide to its military operations?",
"401","6","1","What major disadvantage accompanied Carthage's reliance on mercenary armies for military operations?",
"402","6","1","How did Greek cultural influence affect Carthaginian civilization during the 4th-3rd centuries BCE?",
"403","6","2","What was Sicily's political status and importance in the Mediterranean by 264 BCE?",
"404","6","2","How was Sicily's political situation affected by King Pyrrhus's departure from the island in 275 BCE?",
"405","6","2","Why was Sicily's agricultural wealth and resource production crucial to Carthage's power and prosperity? (SELECT ALL THAT APPLY)",
"406","6","2","What internal problems weakened Syracuse's ability to challenge Carthagian dominance in Sicily?",
"407","6","2","Who were the Mamertines and what was their status in Sicily during the 260s BCE? (SELECT ALL THAT APPLY)",
"408","6","2","What motivated Hiero II of Syracuse to threaten the Mamertine-controlled city of Messana?",
"409","6","2","Why did the Mamertines appeal to Rome for military assistance against Syracuse and Carthage?",
"410","6","2","What strategic arguments supported Rome's decision to intervene in Sicily militarily in 264 BCE? (SELECT ALL THAT APPLY)",
"411","6","2","What significant obstacles made military intervention in Sicily risky and costly for Rome? (SELECT ALL THAT APPLY)",
"412","6","2","How did Carthage respond when Rome intervened militarily in Sicily on behalf of the Mamertines? (SELECT ALL THAT APPLY)",
"413","6","3","What fundamental challenge did Rome face when beginning military operations in Sicily militarily?",
"414","6","3","How did Rome respond to Carthaginian naval superiority in its approach to fighting the war? (SELECT ALL THAT APPLY)",
"415","6","3","What was the historical significance of the Roman naval victory at Mylae (260 BCE)?",
"416","6","3","What characteristics defined the nature of Rome's campaign for control of Sicily militarily? (SELECT ALL THAT APPLY)",
"417","6","3","What made the Battle of Ecnomus (256 BCE) one of the largest naval battles of antiquity? (SELECT ALL THAT APPLY)",
"418","6","3","Why was Rome's decision to invade Carthage's homeland in North Africa in 256 BCE strategically bold? (SELECT ALL THAT APPLY)",
"419","6","3","What happened to Marcus Regulus's North African invasion and why did it ultimately fail militarily?",
"420","6","3","What role did Numidian King Masinissa play in defeating Rome's African military campaign directly?",
"421","6","3","What military and economic factors contributed to Carthage's exhaustion by 241 BCE? (SELECT ALL THAT APPLY)",
"422","6","3","What were the major terms of the Treaty of Lutatius (241 BCE) that ended the First Punic War?",
"423","6","3","How did the First Punic War transform Rome's status and role in the Mediterranean world fundamentally? (SELECT ALL THAT APPLY)",
"424","7","1","What was Carthage's most significant problem immediately after losing the First Punic War in 241 BCE?",
"425","7","1","Why did Rome rely on citizen soldiers while Carthage relied on mercenary armies militarily?",
"426","7","1","What was the critical weakness of Carthage's mercenary military system?",
"427","7","1","What diverse groups of soldiers composed Carthage's mercenary armies after the First Punic War?",
"428","7","1","Who led the mercenary rebellion against Carthage starting in 240 BCE?",
"429","7","1","What was the Mercenary War also called due to its geographic location?",
"430","7","1","What broader social forces supported the mercenary rebellion against Carthage militarily?",
"431","7","1","What happened to Matho after Carthage suppressed the mercenary rebellion around 238 BCE?",
"432","7","1","What fundamental weakness did the Mercenary War expose about Carthaginian military power?",
"433","7","1","What strategic decision did Carthage make to recover its power after the Mercenary War?",
"434","7","1","What did the nickname 'Barca' mean in the Carthaginian language and what did it reflect?",
"435","7","1","What was Hamilcar Barca's primary accomplishment during the First Punic War era?",
"436","7","1","How many sons did Hamilcar Barca have and which became the most famous historically?",
"437","7","1","What exceptional authority was Hamilcar Barca granted for his Spanish operations?",
"438","7","1","What multiple purposes did Carthage's Spanish conquest serve strategically? (SELECT ALL THAT APPLY)",
"439","7","1","When was Hannibal born and what was his early military experience?",
"440","7","1","What characteristics defined Hannibal's reputation as a military commander?",
"441","7","1","Around what year did Hannibal assume command of Carthaginian forces in Spain militarily?",
"442","7","1","What did the Ebro Treaty (226 BCE) establish regarding Rome and Carthage's spheres?",
"443","7","1","What was Hannibal's strategic vision for defeating Rome militarily?",
"444","7","2","What was Saguntum's political status and strategic significance in the region around 220 BCE?",
"445","7","2","Why did Hannibal begin military operations against Saguntum starting in 220 BCE?",
"446","7","2","How did Rome respond when Hannibal began the siege of Saguntum militarily?",
"447","7","2","What was the outcome of Saguntum's siege and what did it signify politically?",
"448","7","2","What was the approximate size of Hannibal's invasion army in 218 BCE? (SELECT ALL THAT APPLY)",
"449","7","2","What route did Hannibal choose for his invasion of Italy and what were its characteristics?",
"450","7","2","What challenges did Hannibal's army face militarily and logistically?  (SELECT ALL THAT APPLY)",
"451","7","2","What was the strategic outcome of the Battle of the Trebia River (218 BCE)?",
"452","7","2","How did Hannibal plan to achieve ultimate victory against Rome after initial victories? (SELECT ALL THAT APPLY)",
"453","7","2","What was Hannibal's assumption about how Italian allies would respond to Carthaginian military victories?",
"454","7","3","What was the Fabian strategy employed by Fabius Maximus and why was it controversial in Rome? (SELECT ALL THAT APPLY)",
"455","7","3","How did Roman political leaders respond to the Fabian strategy militarily and politically? (SELECT ALL THAT APPLY)",
"456","7","3","What was the approximate size of the Roman army mobilized to confront Hannibal at Cannae in 216 BCE?",
"457","7","3","What tactical maneuver did Hannibal employ at Cannae to achieve overwhelming victory? (SELECT ALL THAT APPLY)",
"458","7","3","What was the scale of Roman casualties and the outcome of the Battle of Cannae in 216 BCE? (SELECT ALL THAT APPLY)",
"459","7","3","How did the psychological impact of Cannae affect Rome's political and military situation? (SELECT ALL THAT APPLY)",
"460","7","3","What was Hannibal's strategic goal following his victories and what was the result? (SELECT ALL THAT APPLY)",
"461","7","3","What fundamental problem did Hannibal face despite his military victories in Italy militarily? (SELECT ALL THAT APPLY)",
"462","7","3","How did Rome respond strategically to the Cannae disaster and continued Hannibal's presence? (SELECT ALL THAT APPLY)",
"463","7","3","What institutional capacity did Rome demonstrate in surviving the catastrophe at Cannae? (SELECT ALL THAT APPLY)",
"464","7","3","Who was Scipio and what made his appointment to command in Spain unusual militarily? (SELECT ALL THAT APPLY)",
"465","7","3","What were Scipio's major achievements during his Spanish military campaigns? (SELECT ALL THAT APPLY)",
"466","7","3","What strategic significance did Scipio's victory of Hasdrubal in Spain have for the overall war? (SELECT ALL THAT APPLY)",
"467","7","3","What was Scipio's strategic response to Hannibal's superior tactical brilliance in Italy? (SELECT ALL THAT APPLY)",
"468","7","3","What did Scipio's invasion of North Africa in 204 BCE force Carthage to do militarily? (SELECT ALL THAT APPLY)",
"469","7","3","What was the significance of Hannibal's recall from Italy after more than a decade of campaigning? (SELECT ALL THAT APPLY)",
"470","7","3","What characterized the Battle of Zama (202 BCE) compared to earlier Carthaginian victories? (SELECT ALL THAT APPLY)",
"471","7","3","What were the major terms imposed on Carthage by the Treaty of Zama (201 BCE)? (SELECT ALL THAT APPLY)",
"472","7","3","How did the Second Punic War transform Rome's position in the Mediterranean world? (SELECT ALL THAT APPLY)",
"473","7","3","What was Carthage's fate following the Second Punic War and what did this demonstrate? (SELECT ALL THAT APPLY)",
"474","8","1","During the Second Punic War, which Macedonian king allied with Hannibal against Rome?",
"475","8","1","What was the primary weapon of the Macedonian phalanx formation?",
"476","8","1","Which general commanded the Roman forces that defeated Philip V at Cynoscephalae?",
"477","8","1","In what year did the Battle of Cynoscephalae occur?",
"478","8","1","What did the Roman legionary system have that gave it advantages over the Macedonian phalanx?",
"479","8","1","What did the Treaty of 196 BCE declare about Greek city-states?",
"480","8","1","Which of the following powers was Rome NOT in direct military conflict with during this period (201-149 BCE)?",
"481","8","1","Who was the Numidian king that harassed Carthage with Rome's support?",
"482","8","1","What economic problem did Carthage face after the Second Punic War ended?",
"483","8","1","Which of these statements about Carthage's recovery is true? (SELECT ALL THAT APPLY)",
"484","8","1","Who was 'Antiochus the Great'?",
"485","8","1","At what battle did Rome decisively defeat Antiochus III?",
"486","8","1","What was the largest war indemnity imposed by Rome in this period?",
"487","8","1","Which Spanish peoples most fiercely resisted Roman rule?",
"488","8","1","What famous Lusitanian resistance leader became a symbol of Spanish resistance?",
"489","8","1","What famous phrase did Cato the Elder repeatedly use to advocate for war?",
"490","8","1","How did Carthage's economic recovery affect Rome's attitude toward Carthage?",
"491","8","1","In what year did Rome declare war on Carthage in the Third Punic War?",
"492","8","1","Who commanded the Roman forces during the Third Punic War?",
"493","8","1","Which of these were consequences of Carthage's destruction in 146 BCE? (SELECT ALL THAT APPLY)",
"494","8","1","What was the primary reason Rome defeated Macedonia so decisively at Cynoscephalae?",
"495","8","1","How long was the siege of Carthage during the Third Punic War?",
"496","8","1","What did Rome do to Carthage after conquering it?",
"497","8","1","What new Roman province was created from Carthage's territory?",
"498","8","1","Which empire remained nominally independent but increasingly dependent on Rome by 150 BCE?",
"499","8","1","What advantage did the First Macedonian War give to Rome?",
"500","8","1","Which of these statements about Egypt is correct?",
"501","8","1","Why might Rome have encouraged Masinissa's harassment of Carthage?",
"502","8","1","What was the significance of the Battle of Pydna (168 BCE)?",
"503","8","1","Which of these consequences followed Rome's defeat of all major rivals by 149 BCE? (SELECT ALL THAT APPLY)",
"504","8","2","What was Philip V's primary strategic calculation when he allied with Hannibal?",
"505","8","2","How did Carthage's economic recovery after the Second War create strategic problems for Rome?",
"506","8","2","Which of the following were true about Flamininus as a Roman commander? (SELECT ALL THAT APPLY)",
"507","8","2","How did the Treaty of 196 BCE regarding Greece differ from typical Roman territorial conquest?",
"508","8","2","What was the relationship between Carthage's attempts to defend itself against Masinissa and Rome's declaration of war? (SELECT ALL THAT APPLY)",
"509","8","2","How did Cato the Elder shift Roman public opinion regarding Carthage?",
"510","8","2","Which of the following factors contributed to Rome's decision to completely destroy rather than merely conquer Carthage? (SELECT ALL THAT APPLY)",
"511","8","2","What did the Third Macedonian War (171-168 BCE) demonstrate about Roman power?",
"512","8","2","How did Rome's expansion into the Mediterranean create new administrative and political challenges? (SELECT ALL THAT APPLY)",
"513","8","2","What was ironic about Rome's strategy of using Masinissa to weaken Carthage?",
"514","8","2","What advantages did the Macedonian phalanx have compared to Roman legions? (SELECT ALL THAT APPLY)",
"515","8","2","Which of the following accurately describe the Hellenistic world that Rome was entering in the 3rd century BCE? (SELECT ALL THAT APPLY)",
"516","8","2","What were the main military restrictions placed on Carthage by the Treaty of 201 BCE? (SELECT ALL THAT APPLY)",
"517","8","2","What challenges did Carthage's economic recovery create for Rome's strategic planning?",
"518","8","2","Which of the following were consequences of Rome's military victories over the major Hellenistic powers? (SELECT ALL THAT APPLY)",
"519","8","2","What was the strategic significance of Rome's ability to conduct simultaneous warfare during the First Macedonian War? (SELECT ALL THAT APPLY)",
"520","8","2","Which statements accurately describe the Battle of Cynoscephalae? (SELECT ALL THAT APPLY)",
"521","8","2","What role did historical memory and trauma play in Rome's decision to destroy Carthage? (SELECT ALL THAT APPLY)",
"522","8","2","Which of the following represent ways Rome used diplomacy and alliance alongside military force during this period?",
"523","8","2","What contradictions existed between Rome's declared policies and actual practices toward the Mediterranean during this era?",
"524","8","3","Analyze the strategic paradox Rome faced after completely dominating the Mediterranean (SELECT ALL THAT APPLY)",
"525","8","3","How did Rome's treatment of different rivals reflect changing strategic thinking over time? (SELECT ALL THAT APPLY)",
"526","8","3","What role did information control and historical narrative play in Rome's actions toward Carthage? (SELECT ALL THAT APPLY)",
"527","8","3","Evaluate the relationship between Masinissa's harassment of Carthage and Rome's eventual conquest. Which interpretations are supported by the text?",
"528","8","3","How did the economic character of Carthage versus Rome shape their conflict?",
"529","8","3","Analyze Flamininus's diplomatic approach to Greece versus Rome's eventual destruction of Carthage. What do these contrasts suggest about Roman strategic thinking?",
"530","8","3","What did Rome's simultaneous warfare against multiple powers reveal about its institutional capacity compared to other ancient empires? (SELECT ALL THAT APPLY)",
"531","8","3","How did Rome's political decision-making process regarding Carthage's destruction reflect both rational strategic calculation and irrational fear?",
"532","8","3","Evaluate the argument that Rome's Mediterranean dominance in 149 BCE contained the seeds of future Roman civil conflict. Which elements support this interpretation?",
"533","8","3","How did the concept of 'Pax Romana' emerge from Rome's military dominance, and what tensions did it create?",
"534","8","3","Analyze the strategic paradox Rome faced after completely dominating the Mediterranean (SELECT ALL THAT APPLY)",
"535","8","3","How did Rome's treatment of different rivals reflect changing strategic thinking over time? (SELECT ALL THAT APPLY)",
"536","8","3","What role did information control and historical narrative play in Rome's actions toward Carthage? (SELECT ALL THAT APPLY)",
"537","8","3","Evaluate the relationship between Masinissa's harassment of Carthage and Rome's eventual conquest. Which interpretations are supported by the text? (SELECT ALL THAT APPLY)",
"538","8","3","How did the economic character of Carthage versus Rome shape their conflict? (SELECT ALL THAT APPLY)",
"539","8","3","Analyze Flamininus's diplomatic approach to Greece versus Rome's eventual destruction of Carthage. What do these contrasts suggest about Roman strategic thinking? (SELECT ALL THAT APPLY)",
"540","8","3","What did Rome's simultaneous warfare against multiple powers reveal about its institutional capacity compared to other ancient empires? (SELECT ALL THAT APPLY)",
"541","8","3","How did Rome's political decision-making process regarding Carthage's destruction reflect both rational strategic calculation and irrational fear? (SELECT ALL THAT APPLY)",
"542","8","3","Evaluate the argument that Rome's Mediterranean dominance in 149 BCE contained the seeds of future Roman civil conflict. Which elements support this interpretation? (SELECT ALL THAT APPLY)",
"543","8","3","How did the concept of 'Pax Romana' emerge from Rome's military dominance, and what tensions did it create? (SELECT ALL THAT APPLY)",
"544","9","1","What fundamental problem did Rome's victory in the Punic Wars create?",
"545","9","1","What was a fundus in traditional Roman agriculture?",
"546","9","1","Who was the paterfamilias in Roman agricultural society?",
"547","9","1","Why was the combination of independent farmer and citizen-soldier important to Rome?",
"548","9","1","How long did the First Punic War last?",
"549","9","1","What was one major consequence of extended military service during the Punic Wars?",
"550","9","1","What economic advantage did latifundia have over small family farms?",
"551","9","1","What does the Latin word latifundium literally mean?",
"552","9","1","Who typically managed a latifundium on behalf of its wealthy owner?",
"553","9","1","What was the primary reason Rome's cities grew dramatically in the 2nd century BCE?",
"554","9","3","Analyze how the transformation from small farming to latifundia fundamentally altered Rome's social structure and stability (SELECT ALL THAT APPLY)",
"555","9","3","What does Rome's grain dependency reveal about the relationship between economics and political power? (SELECT ALL THAT APPLY)",
"556","9","3","How did the Gracchi brothers' positions within the aristocracy shape their reform agenda? (SELECT ALL THAT APPLY)",
"557","9","3","What structural flaw in Rome's system did Tiberius's conflict with the Senate reveal? (SELECT ALL THAT APPLY)",
"558","9","3","Why was the removal of tribune Octavius by Tiberius unprecedented and constitutionally dangerous? (SELECT ALL THAT APPLY)",
"559","9","3","How did the Senate's response to the Gracchi reveal the underlying incompatibility between Republic ideals and aristocratic interests? (SELECT ALL THAT APPLY)",
"560","9","3","What contrast exists between Gaius's comprehensive reform package and his failure to achieve most of it? (SELECT ALL THAT APPLY)",
"561","9","3","How did the Gracchi crisis fundamentally change Rome's political culture and long-term trajectory?",
"562","9","3","What explains why the Gracchi reforms partially survived even though both brothers were killed?",
"563","9","3","How did the foundational contradiction between Rome's mythology and its actual development in the 2nd century BCE shape the eventual crisis?",
"564","9","1","What system did displaced urban poor rely on for survival in Rome?",
"565","9","1","What was the clientela system?",
"566","9","1","How was Rome's situation different from Athens regarding urban populations?",
"567","9","1","Why did Italy and Rome depend on imported grain despite having rich agricultural land?",
"568","9","1","What was Rome's estimated urban population by the 2nd century BCE?",
"569","9","1","Who held the most influence over Tiberius and Gaius Gracchus's political thinking?",
"570","9","1","What was ager publicus?",
"571","9","1","What office did Tiberius Gracchus hold when he proposed land reform?",
"572","9","1","What unprecedented action did Tiberius take to overcome Senate obstruction?",
"573","9","1","How did Tiberius Gracchus die?",
"574","9","2","Why did the Senate strongly oppose Tiberius Gracchus's land redistribution proposal?",
"575","9","2","What interconnected problems did Rome face by the early 2nd century BCE?",
"576","9","2","How did the explosion of slavery after the Punic Wars transform Roman agriculture?",
"577","9","2","Why Rome's founding mythology was incompatible with its 2nd century BCE reality? (SELECT ALL THAT APPLY)",
"578","9","2","What was the primary objective of Tiberius Gracchus's land reform?",
"579","9","2","What powers did Tiberius hold as tribune that allowed him to challenge Senate obstruction?",
"580","9","2","Why was the murder of Tiberius Gracchus shocking to Roman society beyond the violence itself?",
"581","9","2","What did Gaius Gracchus's grain law (lex frumentaria) accomplish?",
"582","9","2","What made Gaius's proposal to expand citizenship to Italian allies revolutionary? (SELECT ALL THAT APPLY)",
"583","9","2","What was the long-term impact of the Gracchi reforms despite their violent suppression?",
"584","9","2","How did the patronage system (clientela) reinforce social inequality in Rome?",
"585","9","2","What did latifundia owners have in common with the wealthy families dominating the Senate?",
"586","9","2","Why was Rome's dependence on imported grain a source of political vulnerability? (SELECT ALL THAT APPLY)",
"587","9","2","What was the relationship between land concentration and military recruitment in Rome? (SELECT ALL THAT APPLY)",
"588","9","2","How did Cornelia influence her sons' political philosophy?",
"589","9","2","What was the fundamental contradiction in Tiberius's proposal to stand for re-election as tribune?",
"590","9","2","What did the Senate's refusal to prosecute Scipio Nasica for murdering Tiberius reveal?",
"591","9","2","What economic and social reforms did Gaius Gracchus propose beyond land redistribution? (SELECT ALL THAT APPLY)",
"592","9","2","Who were the equestrians (equites) and why did Gaius threaten Senate interests by empowering them?",
"593","9","2","What was the paradox of the Gracchi's ultimate failure?",
